,name,id,price,promo_price,brand,url
0,"Adult Sterilized Classic Сухой корм для стерилизованных кошек, с курицей, 4 кг",1050751,2169,2169,Ownat,https://4lapy.ru/catalog/koshki/korm-koshki/sukhoy/classic-korm-dlya-sterilizovannyh-koshek-s-kuricey.html?offer=138270
1,"Adult Sterilized Корм сухой беззерновой для стерилизованных кошек, с курицей, 3 кг",1044812,2745,2745,Ownat,https://4lapy.ru/catalog/koshki/korm-koshki/sukhoy/just-korm-dlya-sterilizovannyh-koshek-bezzernovoy-s-kuricey.html?offer=124629
2,"N&D PRIME сухой корм для стерилизованных кошек, с курицей и гранатом, 1,5кг",1043146,2880,2880,Farmina,https://4lapy.ru/catalog/koshki/korm-koshki/sukhoy/farmina-n-d-prime-cat-neutered-chicken-pomegranate-adult-300g.html?offer=119901
3,"Корм сухой для котят, беременных и кормящих кошек, с курицей, 1,5 кг (крупные гранулы)",1056876,1699,1699,Grandin,https://4lapy.ru/catalog/koshki/korm-koshki/sukhoy/korm-sukhoy-dlya-kotyat-s-kuritsey.html?offer=155680
4,"Exigent Корм сухой для привередливых кошек, с ягненком, 1.5 кг",1039283,1199,1199,Wellkiss,https://4lapy.ru/catalog/koshki/korm-koshki/sukhoy/korm-suhoy-dlya-priveredlivyh-koshek-s-yagnenkom.html?offer=110852
5,"Indoor Корм сухой для домашних кошек, с индейкой, 1.5 кг",1039285,1199,1199,Wellkiss,https://4lapy.ru/catalog/koshki/korm-koshki/sukhoy/korm-suhoy-dlya-domashnih-koshek-s-indeykoy.html?offer=110855
6,"Adult Large Breed Brillant-Hairball Сухой корм для кошек крупных пород, с курицей, 1,5 кг",1056728,1008,1008,UNICA,https://4lapy.ru/catalog/koshki/korm-koshki/sukhoy/korm-suhoy-dlya-koshek-krupnyh-porod-s-kuricey-1-5-kg.html?offer=155319
7,"Monoprotein Sterilised корм для стерилизованных кошек, с уткой, 1,5 кг",1027904,1999,1999,Monge,https://4lapy.ru/catalog/koshki/korm-koshki/sukhoy/monge-cat-monoprotein-sterilized-duck-korm-dlya-sterilizovannyh-koshek-s-u.html?offer=81113
8,"Sterilised 37 сухой корм для стерилизованных кошек с 1 до 7 лет, 2 кг",1000715,2129,2129,Royal Canin,https://4lapy.ru/catalog/koshki/korm-koshki/sukhoy/Royal_Canin_Sterilised_37_suhoy_korm_dlya_sterilizovannyh_koshek.html?offer=45708
9,"Сухой корм для стерилизованных кошек, четыре вида мяса, 2 кг",1040175,3155,3155,Grandorf,https://4lapy.ru/catalog/koshki/korm-koshki/sukhoy/suhoy-korm-grandorf-dlya-sterilizovannyh-koshek-chetyre-vida-myasa-s-burym-risom-400g.html?offer=112529
10,"Корм сухой для стерилизованных кошек, с ягненком, 1,5 кг",1054712,1499,1499,Mealfeel,https://4lapy.ru/catalog/koshki/korm-koshki/sukhoy/korm-suhoy-dlya-sterilizovannyh-koshek-s-yagnenkom1.html?offer=148716
11,"Adult Sterilized Корм сухой для стерилизованных кошек, с ягненком, 8 кг",1054523,4299,4299,Wellkiss,https://4lapy.ru/catalog/koshki/korm-koshki/sukhoy/korm-suhoy-dlya-koshek-steril-s-yagnenkom.html?offer=148185
12,"Adult Sterilized Ultra Сухой корм для стерилизованных кошек, с индейкой, 1,5 кг",1042263,1695,1695,Ownat,https://4lapy.ru/catalog/koshki/korm-koshki/sukhoy/ultra-korm-dlya-sterilizovannyh-koshek-s-indeykoy.html?offer=117421
13,"Корм сухой для стерилизованных кошек, с лососем, 1,5 кг",1054710,1499,1499,Mealfeel,https://4lapy.ru/catalog/koshki/korm-koshki/sukhoy/korm-suhoy-dlya-sterilizovannyh-koshek-s-lososem.html?offer=148712
14,"Adult Sterilized Grain Free Сухой корм для стерилизованных кошек, с курицей и индейкой, 1 кг",1040784,1315,1315,Ownat,https://4lapy.ru/catalog/koshki/korm-koshki/sukhoy/ownat-gf-prime-dlya-sterilizovannyh-koshek-1-kg.html?offer=113385
15,"Sterilised Сухой корм для стерилизованных кошек старше 7 лет, 1,5 кг",1026803,1599,1599,Royal Canin,https://4lapy.ru/catalog/koshki/korm-koshki/sukhoy/korm-suhoy-dlya-koshek-royal-kanin-sterilayzd-7-pak-400-g.html?offer=77326
16,"Корм сухой для кошек с чувствительным пищеварением, с индейкой и лососем, 1,5 кг",1054707,1499,1499,Mealfeel,https://4lapy.ru/catalog/koshki/korm-koshki/sukhoy/korm-suhoy-dlya-koshek-s-chuvstvitelnym-pishchevareniem-s-indeykoy-i-lososem.html?offer=148706
17,"Vet Life Gastrointestinal диетический сухой корм для кошек при заболеваниях ЖКТ, с курицей, 2кг",1043181,3595,3595,Farmina,https://4lapy.ru/catalog/koshki/korm-koshki/sukhoy/vet-life-natural-diet-cat-gastro-intestinal-400-gr.html?offer=120008
18,"Sterilized Grain free Корм сухой для кастрированных котов и стерилизованных кошек в возрасте от 1 года до 7 лет, с курицей, 1,5 кг",1056878,1699,1699,Grandin,https://4lapy.ru/catalog/koshki/korm-koshki/sukhoy/korm-suhoy-dlya-sterilizovannyh-koshek-s-kuricey1.html?offer=155684
19,"N&D PRIME сухой корм для кошек, с ягненком и черникой, 1,5кг",1043142,2880,2880,Farmina,https://4lapy.ru/catalog/koshki/korm-koshki/sukhoy/farmina-n-d-prime-cat-lamb-blueberry-adult-300g.html?offer=119896
20,"Adult Chicken Корм сухой беззерновой для кошек, с курицей, 1 кг",1040786,880,880,Ownat,https://4lapy.ru/catalog/koshki/korm-koshki/sukhoy/just-korm-dlya-koshek-bezzernovoy-s-kuricey.html?offer=113389
21,"Urinary S/O LP34 корм для кошек при заболеваниях дистального отдела мочевыделительной системы, 1,5 кг",1000862,2515,2515,Royal Canin,https://4lapy.ru/catalog/koshki/korm-koshki/sukhoy/Royal_Canin_Urinary_SO_dieticheskiy_suhoy_korm_dlya_koshek_pri_MKB.html?offer=42570
22,"Корм сухой для котят, с курицей и индейкой, 1,5 кг",1054703,1499,1499,Mealfeel,https://4lapy.ru/catalog/koshki/korm-koshki/sukhoy/korm-suhoy-dlya-kotyat-s-kuricey-i-indeykoy.html?offer=148698
23,"Sterilised сухой корм для пожилых кошек для стерилизованных с индейкой, 1,5 кг",1016698,1669,1669,PRO PLAN®,https://4lapy.ru/catalog/koshki/korm-koshki/sukhoy/Pro_Plan_Sterilised_suhoy_korm_dlya_koshek_starshe_7et_indeyka.html?offer=41900
24,"Classic Сухой корм для кошек Ежедневная забота, с курицей, 1.5 кг",1050748,825,825,Ownat,https://4lapy.ru/catalog/koshki/korm-koshki/sukhoy/classic-korm-dlya-koshek-daily-care-s-kuricey.html?offer=138252
25,"Indoor Сухой корм для кошек, с ягненком, 1,5 кг",1051884,1699,1699,Grandin,https://4lapy.ru/catalog/koshki/korm-koshki/sukhoy/indoor-suhoy-korm-dlya-koshek-s-yagnenkom.html?offer=140799
26,"OCEAN CAT корм сухой для стерилизованных кошек и кастрированных котов, с сельдью и апельсином, 1,5кг",1050318,3425,3425,Farmina,https://4lapy.ru/catalog/koshki/korm-koshki/sukhoy/farmina-n-d-oushen-ket-seld-i-apelsin-dlya-sterilizovannyh-koshek-i-kastrirovannyh-kotov-300g.html?offer=137187
27,"Сухой корм для домашних кошек, ягненок с индейкой, 2 кг",1040167,2919,2919,Grandorf,https://4lapy.ru/catalog/koshki/korm-koshki/sukhoy/suhoy-korm-grandorf-dlya-domashnih-koshek-yagnenok-s-risom-400g.html?offer=112517
28,"Sterilised сухой корм для взрослых кошек для поддержания здоровья почек после стерилизации с лососем, 1,5 кг",1000002,1669,1669,PRO PLAN®,https://4lapy.ru/catalog/koshki/korm-koshki/sukhoy/Pro_Plan_After_Care_suhoy_korm_dlya_kastrirovannyhsterilizovannyh_koshekosostunets.html?offer=41879
29,"Sterilized Корм сухой для стерилизованных кошек, с тунцом, 1.5 кг",1039281,1199,1199,Wellkiss,https://4lapy.ru/catalog/koshki/korm-koshki/sukhoy/korm-suhoy-dlya-sterilizovannyh-koshek-s-tuncom.html?offer=110849
30,"Kitten 36 корм для котят в возрасте от 4 до 12 мес, 2 кг",1002589,2119,2119,Royal Canin,https://4lapy.ru/catalog/koshki/korm-koshki/sukhoy/Royal_Canin_Kitten_36_suhoy_korm_dlya_kotyat_vozrast_do_12_mes_i_beremennyh_koshek.html?offer=41926
31,"Adult Exigent Корм сухой для привередливых кошек, с индейкой, 8 кг",1054528,4299,4299,Wellkiss,https://4lapy.ru/catalog/koshki/korm-koshki/sukhoy/korm-suhoy-dlya-priveredlivyh-koshek-s-indeykoy.html?offer=148192
32,"Gastro Intestinal GI32 корм для кошек при лечении ЖКТ, 2 кг",1003547,3629,3629,Для взрослых,https://4lapy.ru/catalog/koshki/korm-koshki/sukhoy/Royal_Canin_Gastro_Intestinal_GI_32_dieticheskiy_suhoy_korm_dlya_koshek_pri_narusheniyah_pishchevareniya.html?offer=48181
33,"Сухой корм для стерилизованных кошек, кролик с индейкой, 2кг",1040169,2919,2919,Grandorf,https://4lapy.ru/catalog/koshki/korm-koshki/sukhoy/suhoy-korm-grandorf-dlya-sterilizovannyh-koshek-krolik-s-risom-400g.html?offer=112520
34,"Maine Coon Adult корм для кошек породы мейн-кун старше 15 месяцев, 2 кг",1003903,2555,2555,Royal Canin,https://4lapy.ru/catalog/koshki/korm-koshki/sukhoy/Royal_Canin_31_Adult_suhoy_korm_dlya_koshek_porody_Meyn_Kun.html?offer=41942
35,"Adult Grain Free Сухой корм для взрослых кошек, с курицей и индейкой, 1 кг",1044815,1245,1245,Ownat,https://4lapy.ru/catalog/koshki/korm-koshki/sukhoy/gf-prime-korm-suhoy-dlya-vzroslyh-koshek-s-kuricey-i-indeykoy.html?offer=124631
36,"Сухой корм для домашних кошек, белая рыба с индейкой, 2 кг",1040171,2919,2919,Grandorf,https://4lapy.ru/catalog/koshki/korm-koshki/sukhoy/suhoy-korm-grandorf-dlya-domashnih-koshek-belaya-ryba-s-burym-risom-400g.html?offer=112523
37,"Adult Sterilized Luxury Hairball сухой корм для стерилизованных кошек с ягненком, 10 кг",1056199,5655,5655,UNICA,https://4lapy.ru/catalog/koshki/korm-koshki/sukhoy/korm-suhoy-dlya-sterilizovannyh-koshek-s-yagnenkom.html?offer=153005
38,"Корм сухой для взрослых кошек крупных пород, с индейкой и курицей, 2 кг",1056406,1999,1999,Mealfeel,https://4lapy.ru/catalog/koshki/korm-koshki/sukhoy/korm-suhoy-dlya-vzroslyh-koshek-krupnyh-porod-s-indeykoy-i-kuricey-400g.html?offer=154260
39,"Adult Classic Корм сухой для кошек, с рыбой, 1.5 кг",1050749,925,925,Ownat,https://4lapy.ru/catalog/koshki/korm-koshki/sukhoy/classic-korm-dlya-koshek-s-ryboy.html?offer=138258
40,"Adult Care Hypoallergenic Сухой корм гипоаллергенный для взрослых кошек, с рыбой, 3 кг",1053529,2815,2815,Ownat,https://4lapy.ru/catalog/koshki/korm-koshki/sukhoy/ownat-care-korm-dlya-vzroslyh-koshek-hypoallergenic-s-ryboy-pak-1-5kg.html?offer=145770
41,"Vet Life Struvite диетический сухой корм для кошек при мочекаменной болезни, с курицей, 2кг",1043180,3595,3595,Farmina,https://4lapy.ru/catalog/koshki/korm-koshki/sukhoy/vet-life-natural-diet-cat-struvite-400-gr.html?offer=120007
42,"Sterilised Сухой корм для стерилизованных кошек с индейкой, 1,5 кг + 400г",1048953,1869,1869,PRO PLAN®,https://4lapy.ru/catalog/koshki/korm-koshki/sukhoy/proplan-suh-1-5kg-d-sterkoshaftekeaindkur-1-5kg-400g.html?offer=132686
43,"Ultra Корм для кошек, с курицей и рисом, 1,5 кг",1040789,1645,1645,Ownat,https://4lapy.ru/catalog/koshki/korm-koshki/sukhoy/ultra-korm-dlya-koshek-s-kuricey-i-risom.html?offer=113391
44,"Сухой корм для котят, ягненок с индейкой, 2 кг",1040165,2919,2919,Grandorf,https://4lapy.ru/catalog/koshki/korm-koshki/sukhoy/suhoy-korm-grandorf-dlya-kotyat-yagnenok-s-risom-400g.html?offer=112514
45,"Exigent 35/30 Savour Sensation корм для кошек, привередливых к вкусу продукта, 2 кг",1000718,2249,2249,Royal Canin,https://4lapy.ru/catalog/koshki/korm-koshki/sukhoy/Royal_Canin_Exigent_3530_Savour_Sensation_suhoy_korm_suhoy_dlya_priveredlivyh_koshek.html?offer=45725
46,"Сухой корм для домашних кошек, четыре вида мяса, 2 кг",1040173,3155,3155,Grandorf,https://4lapy.ru/catalog/koshki/korm-koshki/sukhoy/suhoy-korm-grandorf-dlya-domashnih-koshek-chetyre-vida-myasa-s-burym-risom-400g.html?offer=112526
47,"Sterilised сухой корм для взрослых кошек для поддержания здоровья почек после стерилизации с индейкой, 3 кг",1000004,3299,3299,PRO PLAN®,https://4lapy.ru/catalog/koshki/korm-koshki/sukhoy/Pro_Plan_After_Care_suhoy_korm_dlya_kastrirovannyhsterilizovannyh_koshek_indeykakuritsa.html?offer=45702
48,"Veterinary Diets EN ST/OX Gastrointestinal сухой корм для котят и взрослых кошек для снижения проявлений кишечных расстройств, 1,5 кг",1004832,3079,3079,PRO PLAN® Veterinary Diets,https://4lapy.ru/catalog/koshki/korm-koshki/sukhoy/Purina_Veterinary_Diets_EN_dieticheskiy_suhoy_korm_dlya_koshek_pri_patologiyah_GKT.html?offer=42552
49,"N&D PRIME сухой корм для котят, с курицей и гранатом, 1,5кг",1043130,3168,3168,Farmina,https://4lapy.ru/catalog/koshki/korm-koshki/sukhoy/farmina-n-d-prime-cat-chicken-pomegranate-kitten-300g.html?offer=119881
50,"HA ST/OX Hypoallergenic Сухой диетический корм для кошек при пищевой непереносимости, 1,3 кг",1002271,3179,3179,PRO PLAN® Veterinary Diets,https://4lapy.ru/catalog/koshki/korm-koshki/sukhoy/Purina_Veterinary_Diets_NA_dieticheskiy_suhoy_korm_dlya_koshek_dlya_profilaktiki_allergii.html?offer=42544
51,"Veterinary Diets UR ST/OX Urinary сухой корм для взрослых кошек для взрослых кошек при болезни нижних отделов мочевыводящих путей, с курицей, 1,5 кг",1002394,2879,2879,PRO PLAN® Veterinary Diets,https://4lapy.ru/catalog/koshki/korm-koshki/sukhoy/Purina_Veterinary_Diets_UR_dieticheskiy_suhoy_korm_dlya_koshek_pri_MKB.html?offer=42548
52,"Корм сухой для кошек старше 7 лет, с курицей и индейкой, 1,5 кг",1054705,1499,1499,Mealfeel,https://4lapy.ru/catalog/koshki/korm-koshki/sukhoy/korm-suhoy-dlya-koshek-starshe-7-let-s-kuricey-i-indeykoy.html?offer=148702
53,"N&D PRIME сухой корм для кошек, с курицей и гранатом, 1,5кг",1043134,2880,2880,Farmina,https://4lapy.ru/catalog/koshki/korm-koshki/sukhoy/farmina-n-d-prime-cat-chicken-pomegranate-adult-300g.html?offer=119886
54,"Sterilised сухой корм для взрослых кошек для стерилизованных с чувствительным пищеварением с курицей, 1,5 кг",1030236,1849,1849,PRO PLAN®,https://4lapy.ru/catalog/koshki/korm-koshki/sukhoy/proplan-suh-400g-dlya-sterilizovannyh-koshek-s-kuricey.html?offer=86129
55,"Vet Life UltraHypo диетический сухой корм для кошек, гипоаллергенный, с рыбой, 2кг",1043183,4025,4025,Farmina,https://4lapy.ru/catalog/koshki/korm-koshki/sukhoy/vet-life-natural-diet-cat-ultrahypo-400-gr.html?offer=120010
56,"Delicate сухой корм для котят при чувствительном пищеварении с индейкой, 1,5 кг",1017249,1819,1819,PRO PLAN®,https://4lapy.ru/catalog/koshki/korm-koshki/sukhoy/Pro_Plan_Delicate_suhoy_korm_dlya_kotyat_chuvstvitelnoe_pishchevarenie_indeyka.html?offer=42948
57,"Kitten Delicate Корм сухой для котят с чувствительным пищеварением, с индейкой, 1,5 кг",1054520,1029,1029,Wellkiss,https://4lapy.ru/catalog/koshki/korm-koshki/sukhoy/korm-suhoy-dlya-kotyat-chuvstvitelnoe-pishchevarenie-s-indeykoy.html?offer=148181
58,"N&D PRIME сухой корм для кошек, с кабаном и яблоком, 1,5кг",1043138,2880,2880,Farmina,https://4lapy.ru/catalog/koshki/korm-koshki/sukhoy/farmina-n-d-prime-cat-wild-boar-apple-adult-300g.html?offer=119891
59,Корм сухой для стерилизованных кошек курица,1050590,1259,1259,Brit,https://4lapy.ru/catalog/koshki/korm-koshki/sukhoy/korm-suhoy-dlya-sterilizovannyh-koshek-kurica.html?offer=137908
60,"36 Adult Корм сухой для кошек породы Британская короткошерстная, 2 кг",1002777,2555,2555,Royal Canin,https://4lapy.ru/catalog/koshki/korm-koshki/sukhoy/Royal_Canin_34_Adult_suhoy_korm_dlya_koshek_porody_Britanskaya_korotkosherstnaya.html?offer=43492
61,"Корм сухой для кошек Ньютрид Сатаети Бэлэнс, 1,5 кг",1030526,1963,1963,Royal Canin,https://4lapy.ru/catalog/koshki/korm-koshki/sukhoy/korm-suhoy-royal-kanin-dlya-koshek-nyutrid-sataeti-belens-pak-400-g.html?offer=86941
62,"Delicate сухой корм для взрослых кошек при чувствительном пищеварении с ягненком, 1,5 кг",1026169,1869,1869,PRO PLAN®,https://4lapy.ru/catalog/koshki/korm-koshki/sukhoy/proplan-suh-400g-d-koshek-chuvstvitelnoe-pishchevarenie-yagnenok.html?offer=75559
63,"Science Plan Сухой корм для взрослых стерилизованных кошек старше 7 лет, с курицей, 1,5 кг",1000110,1888,1888,Hill's,https://4lapy.ru/catalog/koshki/korm-koshki/sukhoy/Hills_suhoy_korm_dlya_kastrirovannyh_kotovsterilizovannyh_koshek_starshe_7et.html?offer=46718
64,"Sensible 33 сухой корм для кошек с чувствительной пищеварительной системой в возрасте с 1 года до 7 лет, 2 кг",1000714,2119,2119,Royal Canin,https://4lapy.ru/catalog/koshki/korm-koshki/sukhoy/Royal_Canin_Sensible_33_suhoy_korm_dlya_koshek_pri_chuvstvitelnom_pishchevarenii.html?offer=45709
65,"Sterilised сухой корм для взрослых кошек для поддержания здоровья почек после стерилизации с кроликом, 3 кг",1004625,3299,3299,PRO PLAN®,https://4lapy.ru/catalog/koshki/korm-koshki/sukhoy/Pro_Plan_After_Care_suhoy_korm_dlya_kastrirovannyhsterilizovannyh_koshek_kuritsakrolik.html?offer=45703
66,"Vet Life Renal диетический сухой корм для кошек при почечной недостаточности, с курицей, 2кг",1043179,3595,3595,Farmina,https://4lapy.ru/catalog/koshki/korm-koshki/sukhoy/vet-life-natural-diet-cat-renal-400-gr.html?offer=120006
67,"Indoor сухой корм для кошек с лососем, рисом и яблоками, 1,5 кг",1053912,1589,1589,UNICA,https://4lapy.ru/catalog/koshki/korm-koshki/sukhoy/korm-suhoy-dlya-koshek-indor-s-lososem-risom-i-yablokami.html?offer=146685
68,"Prescription Diet c/d Multicare Urinary Care Сухой диетический корм для кошек при профилактике мочекаменной болезни (мкб), с курицей, 1,5 кг",1003672,3275,3275,Hill's,https://4lapy.ru/catalog/koshki/korm-koshki/sukhoy/Hills_CD_dieticheskiy_suhoy_korm_dlya_koshek_dlya_profilaktiki_MKB_kuritsey.html?offer=45808
69,"Vet Life Struvite Management диетический сухой корм для кошек при мочекаменной болезни, с курицей, 2кг",1043182,3595,3595,Farmina,https://4lapy.ru/catalog/koshki/korm-koshki/sukhoy/vet-life-natural-diet-cat-management-struvite-400-gr.html?offer=120009
70,"Science Plan Сухой корм для взрослых стерилизованных кошек в возрасте от 1 года до 6 лет, с уткой, 1,5 кг",1042275,2339,2339,Hill's,https://4lapy.ru/catalog/koshki/korm-koshki/sukhoy/hills-suhoy-korm-dlya-sterilizovannyh-koshek-6mes-6let-s-utkoy-pak-300g.html?offer=117463
71,"Sphynx Adult корм для кошек породы сфинкс старше 12 месяцев, 2 кг",1002779,2555,2555,Royal Canin,https://4lapy.ru/catalog/koshki/korm-koshki/sukhoy/Royal_Canin_Sphynx_33_Adult_suhoy_korm_dlya_koshek_porody_Sfinks.html?offer=41931
72,"Adult In-home Luxury Hairball сухой корм для домашних кошек с курицей, 1,5 кг",1054019,995,995,UNICA,https://4lapy.ru/catalog/koshki/korm-koshki/sukhoy/korm-suhoy-dlya-domashnih-koshek-s-kuricey.html?offer=146989
73,"Science Plan Сухой корм для взрослых стерилизованных кошек и кастрированных котов, с тунцом, 1,5 кг",1019937,2019,2019,Hill's,https://4lapy.ru/catalog/koshki/korm-koshki/sukhoy/Hills_dlya_sterilizovannyh_koshek_tunets.html?offer=47819
74,"Outdoor сухой корм для кошек с уткой, рисом и апельсинами, 1,5 кг",1053916,1589,1589,UNICA,https://4lapy.ru/catalog/koshki/korm-koshki/sukhoy/korm-suhoy-dlya-koshek-autdor-s-utkoy-risom-i-apelsinami.html?offer=146691
75,"WOW Сухой корм для стерилизованных кошек с индейкой, 1,5 кг",1053736,703,703,AlphaPet,https://4lapy.ru/catalog/koshki/korm-koshki/sukhoy/korm-suhoy-dlya-sterilizovannyh-koshek-s-indeykoy2.html?offer=146229
76,"Science Plan Сухой корм для взрослых кошек для поддержания жизненной энергии и иммунитета, с курицей, 1,5 кг",1037132,2019,2019,Hill's,https://4lapy.ru/catalog/koshki/korm-koshki/sukhoy/Hills_Standard_suhoy_korm_dlya_koshek_kuritsa.html?offer=104587
77,"Fibre Response FR31 диета для кошек при нарушениях пищеварения, 2 кг",1004588,4079,4079,Royal Canin,https://4lapy.ru/catalog/koshki/korm-koshki/sukhoy/Royal_Canin_Fibre_Response_FR31_dieticheskiy_suhoy_korm_dlya_koshek_pri_zabolevaniyah_GKT.html?offer=42589
78,"Mother and Babycat корм для котят в возрасте от 1 до 4 месяцев и для беременных/лактирующих кошек, 400 г",1002590,515,515,Royal Canin,https://4lapy.ru/catalog/koshki/korm-koshki/sukhoy/Royal_Canin_Babycat_34_korm_suhoy_korm_dlya_kotyat_ot_1_do_4_mes_i_beremennyh_koshek.html?offer=41927
79,"OCEAN CAT корм сухой для котят, с треской, креветкой, тыквой и дыней, 1,5кг",1050324,3425,3425,Farmina,https://4lapy.ru/catalog/koshki/korm-koshki/sukhoy/farmina-n-d-oushen-ket-treska-krevetka-tykva-i-dynya-dlya-kotyat-300g.html?offer=137199
80,"Adult Care Renal Сухой корм для взрослых кошек с хронической почечной недостаточностью, с курицей, 3 кг",1053531,2815,2815,Ownat,https://4lapy.ru/catalog/koshki/korm-koshki/sukhoy/ownat-care-korm-dlya-vzroslyh-koshek-renal-s-kuricey-pak-1-5kg.html?offer=145773
81,"Senior Sterilized Корм сухой для кошек старше 7 лет, с индейкой, 1,5 кг",1054525,1029,1029,Wellkiss,https://4lapy.ru/catalog/koshki/korm-koshki/sukhoy/korm-suhoy-dlya-koshek-senor-steril-s-indeykoy.html?offer=148188
82,"Indoor сухой корм для кошек с ягненком, рисом и горохом, 1,5 кг",1053914,1589,1589,UNICA,https://4lapy.ru/catalog/koshki/korm-koshki/sukhoy/korm-suhoy-dlya-koshek-indor-s-yagnenkom-risom-i-gorohom.html?offer=146688
83,"Prescription Diet i/d Сухой диетический корм для кошек при расстройствах пищеварения, жкт, с курицей, 1,5 кг",1003673,3220,3220,Hill's,https://4lapy.ru/catalog/koshki/korm-koshki/sukhoy/Hills_suhoy_korm_dlya_sobak_melkih_i_karlikovyh_porod_kuritsey.html?offer=42596
84,"Elegant сухой корм для взрослых кошек для здоровья шерсти и кожи с лососем, 1,5 кг",1005199,1869,1869,PRO PLAN®,https://4lapy.ru/catalog/koshki/korm-koshki/sukhoy/Pro_Plan_suhoy_korm_dlya_koshek_s_chuvstvitelnoy_kogey_so_vkusomososya_i_risa.html?offer=41895
85,"Prescription Diet Metabolic Сухой диетический корм для кошек, способствующий снижению и контролю веса, с курицей, 1,5 кг",1007385,3985,3985,Hill's,https://4lapy.ru/catalog/koshki/korm-koshki/sukhoy/Hills_Metabolic_dieticheskiy_suhoy_korm_dlya_koshek_dlya_korrektsii_vesa.html?offer=42603
86,"Корм сухой для стерилизованных кошек, с индейкой и курицей, 1,5 кг",1053757,812,812,Sirius,https://4lapy.ru/catalog/koshki/korm-koshki/sukhoy/korm-suhoy-dlya-sterilizovannyh-koshek-s-indeykoy-i-kuricey.html?offer=146266
87,"Сухой корм для стерилизованных кошек с ягненком и индейкой, 1,5 кг",1053741,1515,1515,AlphaPet,https://4lapy.ru/catalog/koshki/korm-koshki/sukhoy/korm-suhoy-dlya-sterilizovannyh-koshek-s-yagnenkom-i-indeykoy.html?offer=146237
88,"Functional Nutrition Корм сухой для стерилизованных кошек, с индейкой и уткой, 1,5 кг",1057069,1499,1499,Mealfeel,https://4lapy.ru/catalog/koshki/korm-koshki/sukhoy/korm-suhoy-dlya-sterilizovannyh-koshek-s-indeykoy-kuricey-i-utkoy-400g.html?offer=156065
89,"Корм для стерилизованных кошек с кроликом, 1,5 кг",1052490,739,739,DELICANA,https://4lapy.ru/catalog/koshki/korm-koshki/sukhoy/korm-dlya-sterilizovannyh-koshek-s-krolikom.html?offer=142899
90,"Hypoallergenic DR25 корм для кошек с пищевой аллергией, 2,5 кг",1000865,5217,5217,Royal Canin,https://4lapy.ru/catalog/koshki/korm-koshki/sukhoy/Royal_Canin_Hypoallergenic_dieticheskiy_suhoy_korm_dlya_koshek_pri_allergii.html?offer=42574
91,"Science Plan Сухой корм для взрослых кошек для поддержания жизненной энергии и иммунитета, с ягненком, 10 кг",1000116,9162,9162,Hill's,https://4lapy.ru/catalog/koshki/korm-koshki/sukhoy/Hills_Standard_suhoy_korm_dlya_koshek_yagnenok.html?offer=41992
92,"Delicate Сухой корм для кошек от 1 года с чувствительным пищеварением синдейкой, 1,5 кг + 400 г",1048956,1869,1869,PRO PLAN®,https://4lapy.ru/catalog/koshki/korm-koshki/sukhoy/proplan-suh-1-5kg-d-kosh-chuvpishch-indris-1-5kg-400g.html?offer=132688
93,"Корм для кошек с чувствительным пищеварением с индейкой, 1,5 кг",1052488,869,869,DELICANA,https://4lapy.ru/catalog/koshki/korm-koshki/sukhoy/korm-dlya-koshek-s-chuvstvitelnym-pishchevareniem-s-indeykoy.html?offer=142897
94,"Корм сухой для котят курица, 2кг",1051383,1085,1085,Brit,https://4lapy.ru/catalog/koshki/korm-koshki/sukhoy/korm-suhoy-dlya-kotyat-kurica.html?offer=139515
95,"Adult Salmon Корм сухой для кошек, с лососем, 1,5 кг",1054518,1029,1029,Wellkiss,https://4lapy.ru/catalog/koshki/korm-koshki/sukhoy/korm-suhoy-dlya-koshek-s-lososem1.html?offer=148178
96,"Indoor сухой корм для кошек с курицей, морковью и рисом, 1,5 кг",1053910,1449,1449,UNICA,https://4lapy.ru/catalog/koshki/korm-koshki/sukhoy/korm-suhoy-dlya-koshek-indor-s-kuricey-morkovyu-i-risom.html?offer=146682
97,"Urinary S/O корм для кошек при заболеваниях дистального отдела мочевыделительной системы, модератор калорий, 1,5 кг",1034310,2599,2599,Royal Canin,https://4lapy.ru/catalog/koshki/korm-koshki/sukhoy/korm-suhoy-dlya-koshek-urinari-s-o-moderator-kaloriy.html?offer=94819
98,"Sterilised Сухой корм для стерилизованных кошек с кроликом, 1,5 кг + 400г",1048949,1869,1869,PRO PLAN®,https://4lapy.ru/catalog/koshki/korm-koshki/sukhoy/proplan-suh-1-5kg-d-ster-kosh-afte-kea-kurica-krolik-1-5kg-400g.html?offer=132640
99,"Gastro Intestinal Moderate Calorie GIM35 корм для кошек при нарушении пищеварения с умеренным содержанием энергии, 2 кг",1003549,3895,3895,Royal Canin,https://4lapy.ru/catalog/koshki/korm-koshki/sukhoy/Royal_Canin_Gastro_Intestinal_Moderate_Calorie_GIM35_dieticheskiy_suhoy_korm_dlya_koshek.html?offer=42584
100,"Сухой корм для стерилизованных кошек с уткой и индейкой, 1,5 кг",1053742,1499,1499,AlphaPet,https://4lapy.ru/catalog/koshki/korm-koshki/sukhoy/korm-suhoy-dlya-sterilizovannyh-koshek-s-utkoy-i-indeykoy.html?offer=146239
101,"Prescription Diet k/d Сухой диетический корм для кошек при хронической болезни почек, с курицей, 1,5 кг",1003650,3999,3999,Hill's,https://4lapy.ru/catalog/koshki/korm-koshki/sukhoy/Hills_KD_dieticheskiy_suhoy_korm_dlya_koshek_pri_zabolevaniyah_pochek.html?offer=45803
102,"Prescription Diet s/d Urinary Care Сухой диетический корм для кошек при профилактике мочекаменной болезни (мкб), с курицей, 1,5 кг",1003651,3295,3295,Hill's,https://4lapy.ru/catalog/koshki/korm-koshki/sukhoy/Hills_suhoy_korm_dlya_sobak_melkih_i_karlikovyh_porod_starshe_7et_kuritsey.html?offer=45804
103,"Science Plan Сухой корм для котят для здорового роста и развития, с курицей, 1,5 кг",1037136,1804,1804,Hill's,https://4lapy.ru/catalog/koshki/korm-koshki/sukhoy/Hills_suhoy_korm_dlya_kotyat_i_beremennyh_koshek_kuritsey.html?offer=104595
104,"Veterinary Diets NF Renal Function Early care (Начальная стадия) сухой корм для взрослых кошек для поддержания функции почек при хронической почечной недостаточности, 1,5 кг",1054472,3369,3369,PRO PLAN® Veterinary Diets,https://4lapy.ru/catalog/koshki/korm-koshki/sukhoy/veterinary-diets-nf-suhoy-korm-early-care-dlya-podderzhaniya-funkcii-pochek-na-nachalnoy-stadii-350g.html?offer=148054
105,"Сухой корм для взрослых кошек с чувствительным пищеварением с ягненком, 1,5 кг",1053743,1332,1332,AlphaPet,https://4lapy.ru/catalog/koshki/korm-koshki/sukhoy/korm-suhoy-dlya-vzroslyh-koshek-s-yagnenkom.html?offer=146241
106,"Adult Sterilized Sensitive сухой корм для стерилизованных кошек с тунцом, 1,5 кг",1054023,1069,1069,UNICA,https://4lapy.ru/catalog/koshki/korm-koshki/sukhoy/korm-suhoy-dlya-sterilizovannyh-koshek-s-tuncom1.html?offer=146995
107,"Delicate сухой корм для взрослых кошек при чувствительном пищеварении с индейкой, 400 г",1000010,559,559,PRO PLAN®,https://4lapy.ru/catalog/koshki/korm-koshki/sukhoy/Pro_Plan_Delicate_suhoy_korm_dlya_koshek_s_chuvstvitelnym_pishchevareniem_indeykaris.html?offer=45696
108,"Functional Nutrition Корм сухой для стерилизованных кошек старше 7 лет, с сельдью и лососем, 1,5 кг",1057071,1499,1499,Mealfeel,https://4lapy.ru/catalog/koshki/korm-koshki/sukhoy/korm-suhoy-dlya-sterilizovannyh-koshek-starshe-7-let-s-seldyu-i-lososem-400g.html?offer=156068
109,"Kitten корм для здорового роста котят в возрасте от 1 до 12 месяцев, беременных и кормящих кошек, с курицей, 1,5 кг",1027894,1999,1999,Monge,https://4lapy.ru/catalog/koshki/korm-koshki/sukhoy/monge-cat-korm-dlya-kotyat-1-5-kg.html?offer=81097
110,"Nature Elements Сухой корм для взрослых кошек с чувствительным пищеварением или особыми предпочтениями в еде, с высоким содержанием индейки, 1,4 кг",1048578,1935,1935,PRO PLAN®,https://4lapy.ru/catalog/koshki/korm-koshki/sukhoy/pro-plan-natel-koshka-pishch-ind-10x200g.html?offer=131692
111,"Premium Cat Sterilized Salmon&Chicken сухой корм для стерилизованных кошек с лососем и курицей, 2кг",1051399,1259,1259,Brit,https://4lapy.ru/catalog/koshki/korm-koshki/sukhoy/premium-cat-sterilized-salmon-chicken-suhoy-korm-dlya-sterilizovannyh-koshek-s-lososem-i-kuricey-400g.html?offer=139534
112,"Indoor 27 корм для домашних кошек c нормальным весом от 1 до 7 лет, 2 кг",1000713,2517,2517,Royal Canin,https://4lapy.ru/catalog/koshki/korm-koshki/sukhoy/Royal_Canin_Indoor_27_suhoy_korm_dlya_domashnih_koshek.html?offer=45710
113,"Fit 32 корм для бывающих на улице кошек в возрасте от 1 до 7 лет, 2 кг",1000716,2015,2015,Royal Canin,https://4lapy.ru/catalog/koshki/korm-koshki/sukhoy/Royal_Canin_Fit_32_suhoy_korm_dlya_koshek_s_umerennoy_aktivnostyu.html?offer=45707
114,"Original сухой корм для котят с курицей, 1,5 кг",1003601,1819,1819,PRO PLAN®,https://4lapy.ru/catalog/koshki/korm-koshki/sukhoy/Pro_Plan_Kitten_suhoy_korm_dlya_kotyat_kuritsaris.html?offer=41890
115,"Hair and Skin Care 33 корм для взрослых кошек в целях поддержания здоровья кожи и шерсти, 2 кг",1000717,3115,3115,Royal Canin,https://4lapy.ru/catalog/koshki/korm-koshki/sukhoy/Royal_Canin_Hair_Skin_33_suhoy_korm_dlya_koshek_dlya_zdorovya_shersti_i_kogi.html?offer=48615
116,"Prescription Diet Gastrointestinal Biome Сухой диетический корм для кошек при расстройствах пищеварения и для заботы о микробиоме кишечника, с курицей, 1,5 кг",1037482,3751,3751,Hill's,https://4lapy.ru/catalog/koshki/korm-koshki/sukhoy/hills-suh-1-5kg-d-koshek-biom-zabolevaniya-zhkt.html?offer=105178
117,"Renal RF23 корм для взрослых кошек с хронической почечной недостаточностью, 2 кг",1000385,3865,3865,Royal Canin,https://4lapy.ru/catalog/koshki/korm-koshki/sukhoy/Royal_Canin_Renal_dieticheskiy_suhoy_korm_dlya_koshek_pri_pochechnoy_nedostatochnosti.html?offer=42564
118,"Корм сухой для взрослых кошек лосось, 2кг",1051390,1089,1089,Brit,https://4lapy.ru/catalog/koshki/korm-koshki/sukhoy/korm-suhoy-dlya-vzroslyh-koshek-losos.html?offer=139523
119,"Sterilised сухой корм для взрослых кошек для стерилизованных c уткой и печенью, 400 г",1038356,609,609,PRO PLAN®,https://4lapy.ru/catalog/koshki/korm-koshki/sukhoy/pro-plan-cat-d-ster-utka-pechen-400g.html?offer=108467
120,"Hairball Care корм для взрослых кошек в целях профилактики образования волосяных комочков в ЖКТ, 400 г",1000721,685,685,Royal Canin,https://4lapy.ru/catalog/koshki/korm-koshki/sukhoy/Royal_Canin_Intense_Hairball_34_suhoy_korm_dlya_koshek_dlya_vyvoda_shersti.html?offer=41909
121,"Корм сухой для кошек Роял Канин Стерилайзд 12+, пак. 400 г",1029492,447,447,Royal Canin,https://4lapy.ru/catalog/koshki/korm-koshki/sukhoy/korm-suhoy-dlya-koshek-royal-kanin-sterilayzd-12-pak-400-g.html?offer=84512
122,"Корм для стерилизованных кошек с лососем, 1,5 кг",1052489,748,748,DELICANA,https://4lapy.ru/catalog/koshki/korm-koshki/sukhoy/korm-dlya-sterilizovannyh-koshek-s-lososem.html?offer=142898
123,"Корм сухой для взрослых стерилизованных кошек с цыпленком, лососем и рисом, 1 г",1049923,729,729,UnoCat,https://4lapy.ru/catalog/koshki/korm-koshki/sukhoy/korm-suhoy-dlya-vzroslyh-sterilizovannyh-koshek-s-cyplenkom-lososem-i-risom.html?offer=135829
124,"Корм сухой для котят, с курицей, 400 гр.",1056875,599,599,Grandin,https://4lapy.ru/catalog/koshki/korm-koshki/sukhoy/korm-sukhoy-dlya-kotyat-s-kuritsey-1.html?offer=155678
125,"Sterilised сухой корм для взрослых кошек для поддержания органов чувств у стерилизованных с лососем, 1,5 кг",1030240,2075,2075,PRO PLAN®,https://4lapy.ru/catalog/koshki/korm-koshki/sukhoy/proplan-suh-400g-dlya-sterilizovannyh-koshek-chuvstvitelnoe-pishchevarenie-s.html?offer=86134
126,"Корм сухой для взрослых домашних кошек с тунцом, лососем и рисом, 1 кг",1049925,345,345,UnoCat,https://4lapy.ru/catalog/koshki/korm-koshki/sukhoy/korm-suhoy-dlya-vzroslyh-domashnih-koshek-s-tuncom-lososem-i-risom.html?offer=135832
127,"Корм сухой для котят с цыпленком и рисом, 1 кг",1049922,689,689,UnoCat,https://4lapy.ru/catalog/koshki/korm-koshki/sukhoy/korm-suhoy-dlya-kotyat-s-cyplenkom-i-risom.html?offer=135828
128,"Premium Cat Sensitive сухой корм для кошек с чувствительным пищеварением с ягненком и индейкой, 2 кг",1051393,1279,1279,Brit,https://4lapy.ru/catalog/koshki/korm-koshki/sukhoy/premium-cat-sensitive-suhoy-korm-dlya-koshek-s-chuvstvitelnym-pishchevareniem-s-yagnenkom-i-indeykoy-400g.html?offer=139527
129,"WOW Сухой корм для стерилизованных кошек с цыпленком, 1,5 кг",1053732,839,839,AlphaPet,https://4lapy.ru/catalog/koshki/korm-koshki/sukhoy/korm-suhoy-dlya-sterilizovannyh-koshek-s-cyplenkom.html?offer=146223
130,"Science Plan Sensitive Stomach & Skin Сухой корм для кошек с чувствительным пищеварением и кожей, с курицей, 1,5 кг",1023787,2739,2739,Hill's,https://4lapy.ru/catalog/koshki/korm-koshki/sukhoy/hills_suh_5kg_dlya_koshek_s_chuvstvitelnoy_kogey_i_geludkom_sensitivestomach_-_skin_1022815.html?offer=70056
131,"Science Plan Сухой корм для взрослых стерилизованных кошек и кастрированных котов, с курицей, 1,5 кг",1000111,1999,1999,Hill's,https://4lapy.ru/catalog/koshki/korm-koshki/sukhoy/Hills_suhoy_korm_dlya_kastrirovannyh_kotov_6_mes_6et.html?offer=46720
132,"Сухой корм для взрослых кошек с говядиной и печенью, 1,5 кг",1053738,1300,1300,AlphaPet,https://4lapy.ru/catalog/koshki/korm-koshki/sukhoy/korm-suhoy-dlya-vzroslyh-koshek-s-govyadinoy-i-pechenyu1.html?offer=146232
133,"UR ST/OX Urinary Сухой диетический корм для кошек при болезнях нижних отделов мочевыводящих путей, с океанической рыбой, 1,5 кг",1009557,2879,2879,PRO PLAN® Veterinary Diets,https://4lapy.ru/catalog/koshki/korm-koshki/sukhoy/Purina_Veterinary_Diets_UR_dieticheskiy_suhoy_korm_dlya_koshek_pri_MKB_s_okeanicheskoy_ryboy.html?offer=42555
134,"Kitten Development сухой корм для котят с курицей, 1,5 кг",1054017,995,995,UNICA,https://4lapy.ru/catalog/koshki/korm-koshki/sukhoy/korm-suhoy-dlya-kotyat-s-kuricey.html?offer=146986
135,"OCEAN CAT корм сухой для взрослых кошек, с сельдью, тыквой и апельсином, 1,5кг",1050321,3425,3425,Farmina,https://4lapy.ru/catalog/koshki/korm-koshki/sukhoy/farmina-n-d-oushen-ket-seld-tykva-i-apelsin-dlya-vzroslyh-koshek-300g.html?offer=137193
136,"OCEAN CAT корм сухой для взрослых кошек, с треской, спельтой, овсом и апельсином, 1,5кг",1050327,3425,3425,Farmina,https://4lapy.ru/catalog/koshki/korm-koshki/sukhoy/farmina-n-d-oushen-ket-treska-spelta-oves-i-apelsin-dlya-vzroslyh-koshek-300g.html?offer=137205
137,"Diabetic DS46 корм для кошек при сахарном диабете, 1,5 кг",1000375,3155,3155,Royal Canin,https://4lapy.ru/catalog/koshki/korm-koshki/sukhoy/Royal_Canin_Diabetic_dieticheskiy_suhoy_korm_dlya_koshek_pri_saharnom_diabete.html?offer=42562
138,"Premium Cat Adult Chicken сухой корм для взрослых кошек с курицей, 2кг",1051386,1089,1089,Brit,https://4lapy.ru/catalog/koshki/korm-koshki/sukhoy/premium-cat-adult-chicken-suhoy-korm-dlya-vzroslyh-koshek-s-kuricey-400g.html?offer=139519
139,"Kitten Maine Coon корм для котят породы мейн-кун в возрасте до 15 месяцев, 2 кг",1020331,2815,2815,Royal Canin,https://4lapy.ru/catalog/koshki/korm-koshki/sukhoy/Royal_Canin_suhoy_korm_dlya_kotyat_krupnyh_porod_Meyn_Kun_s_ptitsey.html?offer=43043
140,"DM ST/OX Diabetes Management Сухой диетический корм для кошек при сахарном диабете, 1,5 кг",1002270,3165,3165,PRO PLAN® Veterinary Diets,https://4lapy.ru/catalog/koshki/korm-koshki/sukhoy/Purina_Veterinary_Diets_DM_dieticheskiy_suhoy_korm_dlya_koshek_pri_diabete_pak__15kg_1002270.html?offer=42542
141,"Корм сухой для котят, с индейкой, 1,5 кг",1053759,852,852,Sirius,https://4lapy.ru/catalog/koshki/korm-koshki/sukhoy/korm-suhoy-dlya-kotyat-s-indeykoy.html?offer=146270
142,"Prescription Diet c/d Multicare Urinary Stress Сухой диетический корм для кошек при профилактике цистита и мочекаменной болезни (мкб), в том числе вызванные стрессом, с курицей, 1,5 кг",1008091,3367,3367,Hill's,https://4lapy.ru/catalog/koshki/korm-koshki/sukhoy/Hills_CD_dieticheskiy_suhoy_korm_dlya_koshek_Urinary_Stress_kuritsey_1008091.html?offer=45824
143,"LiveClear Kitten сухой корм для котят для снижения количество аллергенов в шерсти с индейкой, 1,4 кг",1042264,2339,2339,PRO PLAN®,https://4lapy.ru/catalog/koshki/korm-koshki/sukhoy/suhoy-korm-pro-plan-liveslear-dlya-kotyat-do-1-goda-s-vysokim-soderzhaniem-indeyki-paket-1-4-kg.html?offer=117439
144,"Prescription Diet c/d Multicare Stress and Metabolic Сухой диетический корм для кошек при профилактике цистита, вызванного стрессом и способствует снижению и контролю веса, с курицей, 1,5 кг",1031341,2700,2700,Hill's,https://4lapy.ru/catalog/koshki/korm-koshki/sukhoy/hills-suh-1-5kg-dlya-koshek-metabolik-stress.html?offer=89553
145,"WOW Сухой корм для взрослых кошек с говядиной и печенью, 1,5 кг",1053731,859,859,AlphaPet,https://4lapy.ru/catalog/koshki/korm-koshki/sukhoy/korm-suhoy-dlya-vzroslyh-koshek-s-govyadinoy-i-pechenyu.html?offer=146221
146,"LiveClear Sterilised сухой корм для взрослых кошек для снижения количество аллергенов в шерсти с лососем, 1,4 кг",1042266,2339,2339,PRO PLAN®,https://4lapy.ru/catalog/koshki/korm-koshki/sukhoy/suhoy-korm-pro-plan-liveclear-dlya-sterilizovannyh-koshek-i-kastrirovannyh-kotov-ot-1-goda-s-vysokim-soderzhaniem-lososya-paket-1-4-kg.html?offer=117443
147,"OM ST/OX Obesity Management Сухой диетический корм для кошек для снижения избыточной массы тела, 1,5 кг",1003030,3365,3365,PRO PLAN® Veterinary Diets,https://4lapy.ru/catalog/koshki/korm-koshki/sukhoy/Purina_Veterinary_Diets_OM_dieticheskiy_suhoy_korm_dlya_koshek_pri_ogirenii.html?offer=42550
148,"Sterilised сухой корм для взрослых кошек для стерилизованных с треской и форелью, 400 г",1038352,609,609,PRO PLAN®,https://4lapy.ru/catalog/koshki/korm-koshki/sukhoy/proplan-cat-d-ster-treska-forel-400g.html?offer=108462
149,"Prescription Diet c/d Multicare Urinary Stress Сухой диетический корм для кошек при профилактике цистита и мочекаменной болезни (мкб), в том числе вызванные стрессом, с океанической рыбой, 1,5 кг",1052545,3367,3367,Hill's,https://4lapy.ru/catalog/koshki/korm-koshki/sukhoy/pd-c-d-korm-d-kosh-stress-ryba-6h400g.html?offer=143075
150,"Nature Elements сухой корм для взрослых кошек для стерилизованных с курицей, 1,4 кг",1048572,1935,1935,PRO PLAN®,https://4lapy.ru/catalog/koshki/korm-koshki/sukhoy/proplan-suh-1-4kg-d-kosh-nat-steril-kur.html?offer=131685
151,"Prescription Diet l/d Сухой диетический корм для кошек при заболеваниях печени, с курицей, 1,5 кг",1004602,3999,3999,Hill's,https://4lapy.ru/catalog/koshki/korm-koshki/sukhoy/Hills_LD_dieticheskiy_suhoy_korm_dlya_koshek_pri_zabolevaniyah_pecheni_1004602.html?offer=42600
152,"Original сухой корм для взрослых кошек для поддержания здоровья почек с курицей, 400 г",1000015,525,525,PRO PLAN®,https://4lapy.ru/catalog/koshki/korm-koshki/sukhoy/Pro_Plan_Adult_suhoy_korm_dlya_koshek_kuritsaris.html?offer=41888
153,"Hepatic HF26 корм для кошек при заболеваниях печени, 500 г",1009582,1149,1149,Royal Canin,https://4lapy.ru/catalog/koshki/korm-koshki/sukhoy/Royal_Canin_Hepatic_HF26_Feline_korm_suhoy_dieticheskiy_suhoy_korm_dlya_koshek_pri_boleznyah_pecheni.html?offer=48178
154,"Корм сухой для взрослых кошек, мясной рацион, 1,5 кг",1053758,1035,1035,Sirius,https://4lapy.ru/catalog/koshki/korm-koshki/sukhoy/korm-suhoy-dlya-vzroslyh-koshek-myasnoy-racion.html?offer=146268
155,"LiveClear Sterilised сухой корм для взрослых кошек для снижения количество аллергенов в шерсти с индейкой, 1,4 кг",1042265,2339,2339,PRO PLAN®,https://4lapy.ru/catalog/koshki/korm-koshki/sukhoy/suhoy-korm-pro-plan-liveclear-dlya-sterilizovannyh-koshek-i-kastrirovannyh-kotov-ot-1-goda-s-vysokim-soderzhaniem-indeyki-paket-1-4-kg.html?offer=117441
156,"Natural Kitten Сухой корм для котят с цыпленком и коричневым рисом, 1,5 кг",1058748,1920,1920,Guabi Natural,https://4lapy.ru/catalog/koshki/korm-koshki/sukhoy/suhoy-korm-dlya-kotyat-cyplenok-i-korichnevyy-ris-pak-1-5kg.html?offer=159390
157,"Veterinary Diets NF Renal Function Advanced care (Поздняя стадия) сухой корм для взрослых кошек для поддержания функции почек при хронической почечной недостаточности, 350 г",1054474,869,869,PRO PLAN® Veterinary Diets,https://4lapy.ru/catalog/koshki/korm-koshki/sukhoy/veterinary-diets-nf-suhoy-korm-advanced-care-dlya-podderzhaniya-funkcii-pochek-na-pozdney-stadii-1-5kg.html?offer=148057
158,"Vet Life Neutered Male диетический сухой корм для стерилизованных котов, с курицей, 400г",1043173,753,753,Farmina,https://4lapy.ru/catalog/koshki/korm-koshki/sukhoy/vet-life-natural-diet-cat-neutered-male-400-gr.html?offer=119995
159,"British Shorthair Kitten корм для британских короткошерстных котят в возрасте до 12 месяцев, 400 г",1016773,615,615,Royal Canin,https://4lapy.ru/catalog/koshki/korm-koshki/sukhoy/Royal_Canin_British_Shorthair_Kitten_korm_dlya_kotyat_porody_Britanskaya_korotkosherstnaya.html?offer=48201
160,"Science Plan Сухой корм для взрослых кошек для поддержания жизненной энергии и иммунитета, с уткой, 1,5 кг",1037158,1876,1876,Hill's,https://4lapy.ru/catalog/koshki/korm-koshki/sukhoy/suhoy-korm-hills-science-plan-dlya-vzroslyh-koshek-dlya-podderzhaniya-zhiznennoy-energii-i-immuniteta-s-utkoy-300-g.html?offer=104635
161,"Сухой корм для котят с цыпленком, 1,5 кг",1053740,1605,1605,AlphaPet,https://4lapy.ru/catalog/koshki/korm-koshki/sukhoy/korm-suhoy-dlya-kotyat-s-cyplenkom.html?offer=146235
162,"Корм сухой кошек Гастроинтестинал Хэирбол Контрол, 400 г",1040778,875,875,Royal Canin,https://4lapy.ru/catalog/koshki/korm-koshki/sukhoy/korm-suhoy-koshek-gastrointestinal-heirbol-kontrol.html?offer=113375
163,"Science Plan Urinary Health Сухой корм для взрослых кошек, склонных к мочекаменной болезни, с курицей, 1,5 кг",1030636,2955,2955,Hill's,https://4lapy.ru/catalog/koshki/korm-koshki/sukhoy/science-plan-sterilised-cat-urinary-health-korm-dlya-sterilizovannyhkoshek-s-kuricey.html?offer=86952
164,"Natural Cat Сухой корм для взрослых кошек с цыпленком и коричневым рисом, 1,5 кг",1058749,1920,1920,Guabi Natural,https://4lapy.ru/catalog/koshki/korm-koshki/sukhoy/suhoy-korm-dlya-vzroslyh-koshek-cyplenok-i-korichnevyy-ris-pak-1-5kg.html?offer=159392
165,"Skin & Coat сухой корм для стерилизованных кошек с чувствительной кожей и шерстью, 1,5 кг",1037606,2425,2425,Royal Canin,https://4lapy.ru/catalog/koshki/korm-koshki/sukhoy/korm-suhoy-dlya-koshek-skin-end-koat.html?offer=105703
166,"Delicate сухой корм для пожилых кошек при чувствительном пищеварении с индейкой, 1,5 кг",1033922,1869,1869,PRO PLAN®,https://4lapy.ru/catalog/koshki/korm-koshki/sukhoy/proplan-suh-1-5kg-dlya-koshek-dlya-chuvstvitelnogo-pishchevareniya-7-sindeykoy.html?offer=93834
167,"Sterilised сухой корм для взрослых кошек для стерилизованных с говядиной и пшеницей, 3 кг",1054142,1560,1560,Purina ONE®,https://4lapy.ru/catalog/koshki/korm-koshki/sukhoy/korm-suhoy-dlya-sterilizovannyh-koshek-govyadina-i-pshenica.html?offer=147245
168,"Sterilised сухой корм для взрослых кошек для стерилизованных с лососем и пшеницей, 1,5 кг",1054140,850,850,Purina ONE®,https://4lapy.ru/catalog/koshki/korm-koshki/sukhoy/korm-suhoy-dlya-sterilizovannyh-koshek-losos-i-pshenica.html?offer=147242
169,"Adult Sterilized Lightness Сухой корм для стерилизованных кошек, с уткой, 1,5 кг",1056727,1185,1185,UNICA,https://4lapy.ru/catalog/koshki/korm-koshki/sukhoy/korm-suhoy-dlya-sterilizovannyh-koshek-laytness-s-utkoy-300-g.html?offer=155317
170,"WOW Сухой корм для взрослых кошек с уткой, 1,5 кг",1053734,835,835,AlphaPet,https://4lapy.ru/catalog/koshki/korm-koshki/sukhoy/korm-suhoy-dlya-vzroslyh-koshek-s-utkoy.html?offer=146226
171,"Prescription Diet k/d and Mobility Сухой диетический корм для кошек для поддержания здоровья почек и суставов, с курицей, 1,5 кг",1052552,4457,4457,Hill's,https://4lapy.ru/catalog/koshki/korm-koshki/sukhoy/pd-k-d-mob-korm-d-kosh-poch-sustavy-6h1-5kg.html?offer=143089
172,"Корм сухой для стерилизованных кошек, с уткой и клюквой, 400 гр.",1053764,299,299,Sirius,https://4lapy.ru/catalog/koshki/korm-koshki/sukhoy/korm-suhoy-dlya-sterilizovannyh-koshek-s-utkoy-i-klyukvoy.html?offer=146277
173,"Light сухой корм для взрослых кошек при избыточном весе с индейкой, 1,5 кг",1005893,1869,1869,PRO PLAN®,https://4lapy.ru/catalog/koshki/korm-koshki/sukhoy/Pro_Planight_suhoy_korm_dlya_koshek_nizkokaloriynyy_indeykaris.html?offer=50341
174,"Корм сухой для взрослых кошек с лососем и рисом, 1,5 к",1053761,1025,1025,Sirius,https://4lapy.ru/catalog/koshki/korm-koshki/sukhoy/korm-suhoy-dlya-vzroslyh-koshek-s-lososem-i-risom.html?offer=146273
175,"Sterilised сухой корм для котят для стерилизованных с лососем, 400 г",1039995,549,549,PRO PLAN®,https://4lapy.ru/catalog/koshki/korm-koshki/sukhoy/pro-plan-sterilised-kitten-salmon-8x400g.html?offer=112317
176,"Urinary Care корм для взрослых кошек в целях профилактики мочекаменной болезни, 400г",1020022,685,685,Royal Canin,https://4lapy.ru/catalog/koshki/korm-koshki/sukhoy/korm-suhoy-royal-kanin-dlya-koshek-urinari-pak-2-kg.html?offer=41162
177,"Prescription Diet k/d Сухой диетический корм для кошек при хронической болезни почек, с курицей, 3 кг",1052546,7185,7185,Hill's,https://4lapy.ru/catalog/koshki/korm-koshki/sukhoy/pd-k-d-korm-d-kosh-d-pochek-4h3kg.html?offer=143077
178,"Sterilised сухой корм для взрослых кошек для стерилизованных с курицей и цельными злаками, 1,5 кг",1054139,850,850,Purina ONE®,https://4lapy.ru/catalog/koshki/korm-koshki/sukhoy/korm-suhoy-dlya-sterilizovannyh-koshek-kurica-i-zlaki.html?offer=147240
179,"Vet Life Neutered Female диетический сухой корм для стерилизованных кошек, с курицей, 400г",1043174,753,753,Farmina,https://4lapy.ru/catalog/koshki/korm-koshki/sukhoy/vet-life-natural-diet-cat-neutered-female-400-gr.html?offer=119997
180,"Корм сухой для стерилизованных кошек с кроликом 1,5 кг",1053474,989,989,Grand Prix,https://4lapy.ru/catalog/koshki/korm-koshki/sukhoy/korm-suhoy-dlya-sterilizovannyh-koshek-s-krolikom1.html?offer=145545
181,"Natural Cat Сухой корм для стерилизованных кошек с цыпленком и коричневым рисом, 1,5 кг",1058751,1920,1920,Guabi Natural,https://4lapy.ru/catalog/koshki/korm-koshki/sukhoy/suhoy-korm-dlya-sterilizovannyh-koshek-cyplenok-i-korichnevyy-ris-pak-1-5kg.html?offer=159396
182,"Persian Adult корм для персидских кошек старше 12 месяцев, 2 кг",1002778,2859,2859,Royal Canin,https://4lapy.ru/catalog/koshki/korm-koshki/sukhoy/Royal_Canin_Persian_korm_suhoy_dlya_persidskih_koshek.html?offer=41930
183,"Natural Cat Сухой корм для стерилизованных кошек с лососем и ячменем, 1,5 кг",1058752,1920,1920,Guabi Natural,https://4lapy.ru/catalog/koshki/korm-koshki/sukhoy/suhoy-korm-dlya-sterilizovannyh-koshek-losos-i-yachmen-pak-1-5kg.html?offer=159398
184,"Science Plan Culinary Creations Сухой корм для взрослых кошек для поддержания жизненной энергии и иммунитета, с лососем и морковью, 1,5 кг",1058686,1968,1968,Hill's,https://4lapy.ru/catalog/koshki/korm-koshki/sukhoy/korm-suhoy-dlya-koshek-s-lososem-i-morkovyu-pak-1-5kg.html?offer=159179
185,"HP ST/OX Сухой диетический корм для кошек при хронической печеночной недостаточности, 1,5 кг",1015901,3347,3347,PRO PLAN® Veterinary Diets,https://4lapy.ru/catalog/koshki/korm-koshki/sukhoy/Purina_Veterinary_Diets_HP_dieticheskiy_suhoy_korm_dlya_koshek_patologiya_pecheni_15_kg_1015901.html?offer=48533
186,"Housecat сухой корм для взрослых кошек при домашнем образе жизни с индейкой и цельными злаками, 3 кг",1054141,1560,1560,Purina ONE®,https://4lapy.ru/catalog/koshki/korm-koshki/sukhoy/korm-suhoy-dlya-domashnih-koshek-indeyka-i-zlaki.html?offer=147243
187,"Prescription Diet j/d Сухой диетический корм для кошек способствует поддержанию здоровья и подвижности суставов, с курицей, 1,5 кг",1052518,3907,3907,Hill's,https://4lapy.ru/catalog/koshki/korm-koshki/sukhoy/pd-j-d-korm-d-kosh-d-sustav-6h1-5kg.html?offer=143031
188,"Science Plan Сухой корм для котят для здорового роста и развития, с тунцом, 300 гр.",1037140,360,360,Hill's,https://4lapy.ru/catalog/koshki/korm-koshki/sukhoy/Hills_suhoy_korm_dlya_kotyat_i_beremennyh_koshek_tunets.html?offer=104603
189,"Science Plan Сухой корм для взрослых кошек для поддержания жизненной энергии и иммунитета, с тунцом, 1,5 кг",1037139,2345,2345,Hill's,https://4lapy.ru/catalog/koshki/korm-koshki/sukhoy/Hills_Standard_suhoy_korm_dlya_koshek_tunets.html?offer=104601
190,"Kitten Sterilised корм сухой для котят от 6-12 месяцев, 2 кг",1029490,2375,2375,Royal Canin,https://4lapy.ru/catalog/koshki/korm-koshki/sukhoy/korm-suhoy-dlya-kotyat-royal-kanin-sterilayzd-pak-400-g.html?offer=84509
191,"Adult Sterilized/Weight Control корм для стерилизованных кошек и кошек с избыточным весом старше 1 года, с курицей, 400 г",1002599,395,395,Eukanuba,https://4lapy.ru/catalog/koshki/korm-koshki/sukhoy/Eukanuba_Adultight_suhoy_korm_dlya_vzroslyh_sterilizovannyh_koshek_i_koshek_s_izbytochnym_vesom.html?offer=45658
192,"Indoor 7+ корм для пожилых домашних кошек старше 7 лет, 1,5 кг",1005390,1905,1905,Royal Canin,https://4lapy.ru/catalog/koshki/korm-koshki/sukhoy/Royal_Canin_Indoor_Mature_27_korm_dlya_domashnih_koshek_starshe_7let.html?offer=41945
193,"Science Plan Perfect Digestion Сухой корм для кошек для поддержания здоровья пищеварения и питания микробиома, с курицей и коричневым рисом, 1.5 кг",1049980,2385,2385,Hill's,https://4lapy.ru/catalog/koshki/korm-koshki/sukhoy/sp-korm-d-kosh-ideal-pishchevarenie-1-5kg.html?offer=135932
194,"Original сухой корм для взрослых кошек для поддержания здоровья органов чувств с лососем, 1,5 кг",1004623,1775,1775,PRO PLAN®,https://4lapy.ru/catalog/koshki/korm-koshki/sukhoy/Pro_Plan_Adult_suhoy_korm_dlya_koshekososris.html?offer=41892
195,"Корм сухой для котят с лососем 1,5 кг",1053472,889,889,Grand Prix,https://4lapy.ru/catalog/koshki/korm-koshki/sukhoy/korm-suhoy-dlya-kotyat-s-lososem.html?offer=145541
196,"Light Weight Care корм сухой для кошек, склонных к набору лишнего веса, 3 кг",1042213,4485,4485,Royal Canin,https://4lapy.ru/catalog/koshki/korm-koshki/sukhoy/korm-suhoy-dlya-koshek-layt-veyt-kea.html?offer=117270
197,"Корм сухой для стерилизованных кошек, с индейкой, 7 кг",1058025,7699,7699,PRO PLAN®,https://4lapy.ru/catalog/koshki/korm-koshki/sukhoy/korm-suhoy-dlya-sterilizovannyh-koshek-s-indeykoy-mesh-7kg.html?offer=157367
198,"Science Plan Сухой корм для пожилых кошек (старше 7 лет) для поддержания здоровья в период старения, с курицей, 1,5 кг",1037149,2435,2435,Hill's,https://4lapy.ru/catalog/koshki/korm-koshki/sukhoy/Hills_Standard_suhoy_korm_dlya_koshek_krolik.html?offer=104621
199,"Корм сухой для взрослых кошек, с индейкой и цельными злаками, 9,75 кг",1058017,5063,5063,Purina ONE®,https://4lapy.ru/catalog/koshki/korm-koshki/sukhoy/korm-suhoy-dlya-vzroslyh-koshek-s-indeykoy-i-celnymi-zlakami-mesh-9-75kg.html?offer=157363
200,"Корм сухой для кошек старше 7 лет с цыпленком, 300 г",1049916,279,279,UnoCat,https://4lapy.ru/catalog/koshki/korm-koshki/sukhoy/korm-suhoy-dlya-koshek-starshe-7-let-s-cyplenkom.html?offer=135818
201,"Корм сухой для кошек с лососем 1,5 кг",1053473,865,865,Grand Prix,https://4lapy.ru/catalog/koshki/korm-koshki/sukhoy/korm-suhoy-dlya-koshek-s-lososem.html?offer=145543
202,"Корм сухой для взрослых привередливых кошек с ягненком, 1 кг",1049924,689,689,UnoCat,https://4lapy.ru/catalog/koshki/korm-koshki/sukhoy/korm-suhoy-dlya-vzroslyh-priveredlivyh-koshek-s-yagnenkom.html?offer=135830
203,"Корм сухой для кошек вывод шерсти с индейкой 1,5 кг",1053475,969,969,Grand Prix,https://4lapy.ru/catalog/koshki/korm-koshki/sukhoy/korm-suhoy-dlya-koshek-vyvod-shersti-s-indeykoy.html?offer=145547
204,"Adult Top Condition корм для кошек старше 1 года, с курицей, 400 г",1016842,395,395,Eukanuba,https://4lapy.ru/catalog/koshki/korm-koshki/sukhoy/Eukanuba_Adult_suhoy_korm_dlya_vzroslyh_koshek_kuritsapechen.html?offer=47007
205,"Natural Cat Сухой корм для стерилизованных кошек с цыпленком и коричневым рисом, 500 г",1058750,474,474,Guabi Natural,https://4lapy.ru/catalog/koshki/korm-koshki/sukhoy/suhoy-korm-dlya-sterilizovannyh-koshek-cyplenok-i-korichnevyy-ris-pak-500g.html?offer=159394
206,"Sphynx kitten корм сухой для котят породы сфинкс младше 12 месяцев, 2 кг",1035178,2815,2815,Royal Canin,https://4lapy.ru/catalog/koshki/korm-koshki/sukhoy/korm-suhoy-dlya-kotyat-sfinks.html?offer=97750
207,"Protein Exigent корм для кошек, привередливых к составу продукта, 2 кг",1026717,2517,2517,Royal Canin,https://4lapy.ru/catalog/koshki/korm-koshki/sukhoy/korm-suhoy-royal-kanin-dlya-koshek-protein-ekzidzhent-pak-400-g.html?offer=76949
208,"Nature Elements сухой корм для взрослых кошек с лососем, 7 кг",1048575,7815,7815,PRO PLAN®,https://4lapy.ru/catalog/koshki/korm-koshki/sukhoy/pro-plan-natel-kosh-kozhisherst-los-10x200g.html?offer=131688
209,"Prescription Diet k/d Early Stage Сухой диетический корм для кошек при ранней стадии болезни почек, 3 кг",1052548,7185,7185,Hill's,https://4lapy.ru/catalog/koshki/korm-koshki/sukhoy/pd-k-d-es-korm-d-kosh-d-pochek-rs-4h3kg.html?offer=143081
210,"Premium Cat Duck&Chicken сухой корм для стерилизованных кошек с уткой и курицей, 8кг",1051404,4409,4409,Brit,https://4lapy.ru/catalog/koshki/korm-koshki/sukhoy/premium-cat-duck-chicken-suhoy-korm-dlya-sterilizovannyh-koshek-s-utkoyi-kuricey-400g.html?offer=139540
211,"Корм сухой для стерилизованных кошек, с индейкой, 1,5 кг",1059512,1615,1615,Brit,https://4lapy.ru/catalog/koshki/korm-koshki/sukhoy/korm-suhoy-dlya-sterilizovannyh-koshek-s-indeykoy-400g.html?offer=164060
212,"Science Plan Perfect Weight Сухой корм для взрослых кошек, склонных к избыточному весу, с курицей, 1,5 кг",1015472,3179,3179,Hill's,https://4lapy.ru/catalog/koshki/korm-koshki/sukhoy/Korm_dlya_koshek_Hills_idelnyy_ves_s_kuritsey.html?offer=31170
213,"Cat Sterilised Grain Free Сухой беззерновой корм для стерилизованных кошек, лосось и чечевица, 1,5 кг",1059551,2490,2490,Guabi Natural,https://4lapy.ru/catalog/koshki/korm-koshki/sukhoy/cat-sterilised-grain-free-sukhoy-bezzernovoy-korm-dlya-sterilizovannykh-koshek-losos-i-chechevitsa-1-5-kg.html?offer=164173
214,"Indoor Long Hair корм для длинношерстных кошек от 1 до 7 лет, 2 кг",1020025,2517,2517,Royal Canin,https://4lapy.ru/catalog/koshki/korm-koshki/sukhoy/Royal_Canin_Indoorong_Hair_korm_suhoy_dlya_domashnih_dlinnosherstnyh_koshek.html?offer=31133
215,"Siberian Adult корм для взрослых сибирских кошек старше 12 месяцев, 2 кг",1019948,2859,2859,Royal Canin,https://4lapy.ru/catalog/koshki/korm-koshki/sukhoy/Korm_suhoy_Royal_Kanin_dlya_koshek_Sibirskaya_koshka.html?offer=31132
216,"Natural Kitten Сухой корм для котят с цыпленком и коричневым рисом, 500 г",1058747,789,789,Guabi Natural,https://4lapy.ru/catalog/koshki/korm-koshki/sukhoy/suhoy-korm-dlya-kotyat-cyplenok-i-korichnevyy-ris-pak-500g.html?offer=159388
217,"Корм сухой для взрослых кошек, с курицей и цельными злаками, 9,75 кг",1058016,5063,5063,Purina ONE®,https://4lapy.ru/catalog/koshki/korm-koshki/sukhoy/korm-suhoy-dlya-vzroslyh-koshek-s-kuricey-i-celnymi-zlakami-mesh-9-75kg.html?offer=157361
218,"Корм сухой для кошек с чувствительным пищеварением с индейкой, 1,5 кг",1053476,999,999,Grand Prix,https://4lapy.ru/catalog/koshki/korm-koshki/sukhoy/korm-suhoy-dlya-koshek-s-chuvstvitelnym-pishchevareniem-s-indeykoy.html?offer=145549
219,"Science Plan No Grain Беззлаковый сухой корм для взрослых кошек, с курицей, 1.5 кг",1052555,2807,2807,Hill's,https://4lapy.ru/catalog/koshki/korm-koshki/sukhoy/sp-korm-d-vzr-kosh-b-z-kur-kart-6-1-5kg.html?offer=143095
220,"Kitten Healthy Start корм для котят от 1 до 12 месяцев, с курицей, 400 г",1000881,395,395,Eukanuba,https://4lapy.ru/catalog/koshki/korm-koshki/sukhoy/Eukanuba_Kitten_Complete_suhoy_korm_dlya_kotyat_kuritsapechen.html?offer=45660
221,"Science Plan Сухой корм для взрослых кошек для поддержания жизненной энергии и иммунитета, с курицей, 3 кг",1037150,3542,3542,Hill's,https://4lapy.ru/catalog/koshki/korm-koshki/sukhoy/hills-dlya-koshek-kurica-mesh-5kg.html?offer=104623
222,"LiveClear Sterilised сухой корм для взрослых кошек для снижения количество аллергенов в шерсти с индейкой, 400 г",1052567,705,705,PRO PLAN®,https://4lapy.ru/catalog/koshki/korm-koshki/sukhoy/korm-suhoy-dlya-sterilizovannyh-koshek-s-indeykoy1.html?offer=143401
223,"Корм сухой для стерилизованных кошек, с морской рыбой и индейкой, 1,5 кг",1059515,1615,1615,Brit,https://4lapy.ru/catalog/koshki/korm-koshki/sukhoy/korm-suhoy-dlya-sterilizovannyh-koshek-s-morskoy-ryboy-i-indeykoy-400g.html?offer=164063
224,"Science Plan Hairball Indoor Сухой корм для выведения шерсти из желудка у пожилых домашних кошек, с курицей, 1,5 кг",1027297,3179,3179,Hill's,https://4lapy.ru/catalog/koshki/korm-koshki/sukhoy/hills-senior-hairball-control-dlya-pozhilyh-koshek-vyvod-shersti-iz-zheludka.html?offer=79925
225,"EN ST/OX Gastrointestinal Сухой диетический корм для кошек при расстройствах пищеварения, 5 кг",1058019,8915,8915,PRO PLAN® Veterinary Diets,https://4lapy.ru/catalog/koshki/korm-koshki/sukhoy/korm-suhoy-dlya-koshek-en-dlya-pishchevareniya-mesh-5kg.html?offer=157379
226,"LiveClear Kitten сухой корм для котят для снижения количество аллергенов в шерсти с индейкой, 400 г",1052566,705,705,PRO PLAN®,https://4lapy.ru/catalog/koshki/korm-koshki/sukhoy/korm-sukhoy-dlya-kotyat-s-indeykoy.html?offer=143399
227,"Siamese Adult корм для cиамских кошек старше 12 месяцев, 2 кг",1002562,2859,2859,Royal Canin,https://4lapy.ru/catalog/koshki/korm-koshki/sukhoy/Royal_Canin_Siamese_Adult_38_suhoy_korm_dlya_koshek.html?offer=41923
228,"UR ST/OX Urinary Сухой диетический корм для кошек при болезнях нижних отделов мочевыводящих путей, с курицей, 5 кг",1058020,8379,8379,PRO PLAN® Veterinary Diets,https://4lapy.ru/catalog/koshki/korm-koshki/sukhoy/korm-suhoy-dlya-koshek-ur-lechenie-mochepolovoy-sistemy-mesh-5kg.html?offer=157381
229,"Корм сухой для взрослых кошек, с белой рыбой и индейкой, 1,5 кг",1059517,1615,1615,Brit,https://4lapy.ru/catalog/koshki/korm-koshki/sukhoy/korm-suhoy-dlya-vzroslyh-koshek-s-beloy-ryboy-i-indeykoy-400g.html?offer=164065
230,"Корм сухой для взрослых кошек, с индейкой и лососем, 1,5 кг",1059508,1615,1615,Brit,https://4lapy.ru/catalog/koshki/korm-koshki/sukhoy/korm-suhoy-dlya-vzroslyh-koshek-s-indeykoy-i-lososem-400g.html?offer=164056
231,"Science Plan Сухой корм для котят для здорового роста и развития, с курицей, 3 кг",1037153,4297,4297,Hill's,https://4lapy.ru/catalog/koshki/korm-koshki/sukhoy/suhoy-korm-hills-science-plan-dlya-kotyat-dlya-zdorovogo-rosta-i-razvitiya-s-kuricey-3-kg.html?offer=104627
232,"Prescription Diet k/d Сухой диетический корм для кошек при хронической болезни почек, с тунцом, 1,5 кг",1027314,3999,3999,Hill's,https://4lapy.ru/catalog/koshki/korm-koshki/sukhoy/hills-dieta-dlya-koshek-k-d-lechenie-zabolevaniy-pochek-profilaktika-mkb-ok.html?offer=79946
233,"Light Weight Care корм для взрослых кошек в целях профилактики избыточного веса, 3,5 кг",1027323,685,685,Royal Canin,https://4lapy.ru/catalog/koshki/korm-koshki/sukhoy/korm-suhoy-dlya-koshek-royal-kanin-layt-veyt-kea-dlya-profilaktiki-izbytochno.html?offer=79966
234,"Prescription Diet Metabolic Сухой диетический корм для кошек, способствующий снижению и контролю веса, с курицей, 3 кг",1052536,6159,6159,Hill's,https://4lapy.ru/catalog/koshki/korm-koshki/sukhoy/pd-meta-korm-d-kosh-korrek-vesa-3kg.html?offer=143061
235,"Indoor Appetite Control корм сухой для кошек для домашних кошек, склонных к набору веса, 2 кг",1029498,2517,2517,Royal Canin,https://4lapy.ru/catalog/koshki/korm-koshki/sukhoy/korm-suhoy-dlya-koshek-royal-kanin-indor-apetayt-kontrol-pak-400-g.html?offer=84516
236,"Корм сухой для взрослых кошек, с лососем и цельными злаками, 9,75 кг",1058018,5063,5063,Purina ONE®,https://4lapy.ru/catalog/koshki/korm-koshki/sukhoy/korm-suhoy-dlya-vzroslyh-koshek-s-lososem-i-celnymi-zlakami-mesh-9-75kg.html?offer=157365
237,"Корм сухой для взрослых кошек, с индейкой и ягненком, 1,5 кг",1059510,1615,1615,Brit,https://4lapy.ru/catalog/koshki/korm-koshki/sukhoy/korm-suhoy-dlya-vzroslyh-koshek-s-indeykoy-i-yagnenkom-400g.html?offer=164058
238,"Oral Care Корм для кошек для профилактики образования зубного налета и зубного камня, 400 гр.",1000722,685,685,Royal Canin,https://4lapy.ru/catalog/koshki/korm-koshki/sukhoy/korm-suhoy-dlya-koshek-royal-kanin-oral-kea-gigiena-polosti-rta-i-profilakt.html?offer=31120
239,"Science Plan Сухой корм для взрослых кошек для поддержания жизненной энергии и иммунитета, с ягненком, 3 кг",1037147,4425,4425,Hill's,https://4lapy.ru/catalog/koshki/korm-koshki/sukhoy/suhoy-korm-hills-science-plan-dlya-vzroslyh-koshek-dlya-podderzhaniya-zhiznennoy-energii-i-immuniteta-s-yagnenkom-3-kg.html?offer=104617
240,"Корм сухой для взрослых привередливых кошек, с индейкой и уткой, 1,5 кг",1059506,1615,1615,Brit,https://4lapy.ru/catalog/koshki/korm-koshki/sukhoy/korm-suhoy-dlya-vzroslyh-priveredlivyh-koshek-s-indeykoy-i-utkoy-400g.html?offer=164054
241,"Корм сухой для котят, беременных и кормящих кошек, с индейкой, 1,5 кг",1059504,1549,1549,Brit,https://4lapy.ru/catalog/koshki/korm-koshki/sukhoy/korm-suhoy-dlya-kotyat-beremennyh-i-kormyashchih-koshek-s-indeykoy-400g.html?offer=164052
242,"Science Plan Oral Care Сухой корм для взрослых кошек, способствующий удалению зубного камня, с курицей, 1,5 кг",1003140,3179,3179,Hill's,https://4lapy.ru/catalog/koshki/korm-koshki/sukhoy/Korm_dlya_koshek_Hills_Oral_Care_Uhod_za_polost_rta.html?offer=45466
243,"Science Plan No Grain Беззлаковый сухой корм для котят, с курицей, 1.5 кг",1052554,2807,2807,Hill's,https://4lapy.ru/catalog/koshki/korm-koshki/sukhoy/sp-korm-d-kotyat-b-z-kur-kart-6-1-5kg.html?offer=143093
244,"Adult Сухой корм для взрослых кошек, с лососем, 1,5 кг",1018448,1199,1199,Wellkiss,https://4lapy.ru/catalog/koshki/korm-koshki/sukhoy/Wellkiss_korm_suhoy_dlya_vzroslyh_koshek_sososem.html?offer=49573
245,"Persian Kitten корм для персидских котят в возрасте до 12 месяцев, 400 г",1002780,615,615,Royal Canin,https://4lapy.ru/catalog/koshki/korm-koshki/sukhoy/Korm_suhoy_Royal_Kanin_dlya_kotyat_Kitten_Persian_32_persidskaya.html?offer=31126
246,"Acti Protect Expert Care Nutrition Сухой корм для стерилизованных кошек, с индейкой, 400 гр.",1059593,629,629,PRO PLAN®,https://4lapy.ru/catalog/koshki/korm-koshki/sukhoy/korm-sukhoy-acti-protect-dlya-sterilizovannykh-koshek-s-indeykoy-400g.html?offer=165080
247,"Acti Protect Expert Care Nutrition Сухой корм для стерилизованных кошек, с индейкой 1,5 кг",1059592,2085,2085,PRO PLAN®,https://4lapy.ru/catalog/koshki/korm-koshki/sukhoy/korm-sukhoy-acti-protect-dlya-sterilizovannykh-koshek-s-indeykoy-1-5kg.html?offer=165078
248,"Корм сухой для кошек Здоровье почек, с лососем, 2,5 кг",1059360,1407,1407,Perfect Fit,https://4lapy.ru/catalog/koshki/korm-koshki/sukhoy/korm-suhoy-dlya-koshek-zdorove-pochek-s-lososem-2-5kg.html?offer=163725
249,"Корм сухой для стерилизованных кошек, с лососем,10 кг",1059359,5435,5435,Perfect Fit,https://4lapy.ru/catalog/koshki/korm-koshki/sukhoy/korm-suhoy-dlya-sterilizovannyh-koshek-s-lososem-10kg.html?offer=163723
250,"Science Plan Culinary Creations Сухой корм для взрослых кошек для поддержания жизненной энергии и иммунитета, с лососем и морковью, 10 кг",1058687,12845,12845,Hill's,https://4lapy.ru/catalog/koshki/korm-koshki/sukhoy/korm-suhoy-dlya-koshek-s-lososem-i-morkovyu-mesh-10kg.html?offer=159181
251,"Immunity Корм сухой для кошек, говядина, семена льна и голубика, 5,5 кг",1058481,3225,3225,Perfect Fit,https://4lapy.ru/catalog/koshki/korm-koshki/sukhoy/immuniti-korm-sukhoy-dlya-koshek-govyadina-semena-lna-i-golubika-5-5kg.html?offer=158585
252,"Immunity Корм сухой для кошек, индейка, спирулина и клюква, 580 гр.",1058480,417,417,Perfect Fit,https://4lapy.ru/catalog/koshki/korm-koshki/sukhoy/immuniti-korm-sukhoy-dlya-koshek-indeyka-spirulina-i-klyukva-580g.html?offer=158583
253,"Immunity Корм сухой для кошек, говядина, семена льна и голубика, 1,1 кг",1058478,735,735,Perfect Fit,https://4lapy.ru/catalog/koshki/korm-koshki/sukhoy/immuniti-korm-sukhoy-dlya-koshek-govyadina-semena-lna-i-golubika-1-1kg.html?offer=158579
254,Двойная Вкуснятина для взрослых кошек с рыбой 200 г,1053990,123,123,Felix,https://4lapy.ru/catalog/koshki/korm-koshki/sukhoy/dvoynaya-vkusnyatina-dlya-vzroslyh-koshek-s-ryboy-200-g.html?offer=146926
255,"Двойная Вкуснятина сухой корм для взрослых кошек для взрослых кошек с птицей, 200 г",1053989,123,123,Felix,https://4lapy.ru/catalog/koshki/korm-koshki/sukhoy/dvoynaya-vkusnyatina-dlya-vzroslyh-koshek-s-pticey-200-g.html?offer=146924
256,"Двойная Вкуснятина сухой корм для взрослых кошек для взрослых кошек с мясом, 200 г",1053988,123,123,Felix,https://4lapy.ru/catalog/koshki/korm-koshki/sukhoy/dvoynaya-vkusnyatina-dlya-vzroslyh-koshek-s-myasom-200-g.html?offer=146922
257,"Prescription Diet s/d Urinary Care Сухой диетический корм для кошек при профилактике мочекаменной болезни (мкб), с курицей, 3 кг",1052535,6185,6185,Hill's,https://4lapy.ru/catalog/koshki/korm-koshki/sukhoy/pd-s-d-korm-d-kosh-d-rastv-struv-4h3kg.html?offer=143059
258,"Prescription Diet c/d Multicare Urinary Care Сухой диетический корм для кошек при профилактике мочекаменной болезни (мкб), с курицей, 3 кг",1052533,6315,6315,Hill's,https://4lapy.ru/catalog/koshki/korm-koshki/sukhoy/pd-c-d-korm-d-kosh-urol-s-kur-8kg.html?offer=143055
259,"Корм сухой для кошек Курочка аппетитная, 800 г",1049814,233,233,Kitekat,https://4lapy.ru/catalog/koshki/korm-koshki/sukhoy/korm-suhoy-dlya-koshek-appetitnaya-kurochka.html?offer=135530
260,"Мясное объедение сухой корм для взрослых кошек с говядиной, 600 г",1049534,315,315,Felix,https://4lapy.ru/catalog/koshki/korm-koshki/sukhoy/felix-600g-dlya-koshek-myasnoe-obedenie-govyadina.html?offer=134559
261,"Корм сухой для кошек подушечки паштет говядина, 13,8 кг",1047045,5167,5167,Whiskas,https://4lapy.ru/catalog/koshki/korm-koshki/sukhoy/korm-suhoy-dlya-koshek-podushechki-pashtet-govyadina4.html?offer=129579
262,"Корм сухой для кошек подушечки паштет курица и индейка, 13,8 кг",1047044,5167,5167,Whiskas,https://4lapy.ru/catalog/koshki/korm-koshki/sukhoy/korm-suhoy-dlya-koshek-podushechki-pashtet-kurica-i-indeyka.html?offer=129577
263,"Корм сухой для кошек подушечки паштет говядина, 5 кг",1046832,2125,2125,Whiskas,https://4lapy.ru/catalog/koshki/korm-koshki/sukhoy/korm-suhoy-dlya-koshek-podushechki-pashtet-govyadina3.html?offer=128787
264,"Корм сухой для кошек подушечки паштет говядина, 350 г",1046829,163,163,Whiskas,https://4lapy.ru/catalog/koshki/korm-koshki/sukhoy/korm-suhoy-dlya-koshek-podushechki-pashtet-govyadina.html?offer=128781
265,"Корм сухой для кошек для красоты шерсти и здоровья кожи с индейкой, 650г",1041476,417,417,Perfect Fit,https://4lapy.ru/catalog/koshki/korm-koshki/sukhoy/korm-suhoy-dlya-koshek-krasota-shersti-i-zdorove-kozhi-s-indeykoy.html?offer=115008
266,"Двойная Вкуснятина сухой корм для котят до 1 года для котят до 1 года с курочкой, 600 г",1040009,317,317,Felix,https://4lapy.ru/catalog/koshki/korm-koshki/sukhoy/felix-d-kotyat-dvoynvkus-kurochka-8x600g.html?offer=112322
267,"Science Plan Сухой корм для котят для здорового роста и развития, с тунцом, 7 кг",1037154,8935,8935,Hill's,https://4lapy.ru/catalog/koshki/korm-koshki/sukhoy/suhoy-korm-hills-science-plan-dlya-kotyat-dlya-zdorovogo-rosta-i-razvitiya-s-tuncom-7-kg.html?offer=104629
268,"Корм сухой для домашних кошек с курицей, 650 г",1016800,417,417,Perfect Fit,https://4lapy.ru/catalog/koshki/korm-koshki/sukhoy/Perfect_Fit_suhoy_korm_dlya_domashnih_koshek_kuritsa.html?offer=42968
269,"Корм для стерилизованных кошек и котов старше 1 года, с курицей и вкусными подушечками, 5 кг",1016483,2125,2125,Whiskas,https://4lapy.ru/catalog/koshki/korm-koshki/sukhoy/Korm_Viskas_suhoy_dlya_sterilizovannyh_koshek_i_kastrirovannyhkotovkuritsa.html?offer=43421
270,"Корм сухой для котят от 2 до 12 месяцев с курицей, 650 г",1016805,417,417,Perfect Fit,https://4lapy.ru/catalog/koshki/korm-koshki/sukhoy/Perfect_Fit_Junior_suhoy_korm_dlya_kotyat_kuritsa.html?offer=41872
271,"Science Plan Hairball Indoor Сухой корм для выведения шерсти из желудка у домашних кошек, с курицей, 300 гр.",1000130,695,695,Hill's,https://4lapy.ru/catalog/koshki/korm-koshki/sukhoy/Korm_dlya_koshek_Hills_Heyrbal_Kontrol_dlya_vyvoda_shersti_kuritsa.html?offer=50354
272,"Корм сухой для кошек с чувствительным пищеварением с индейкой, 650 г",1020582,417,417,Perfect Fit,https://4lapy.ru/catalog/koshki/korm-koshki/sukhoy/Perfect_Fit_suhoy_korm_dlya_koshek_s_chuvstvitelnym_pishchevareniem_indeyka.html?offer=41875
273,"Корм сухой для стерилизованных кошек с курицей, 650 г",1016806,417,417,Perfect Fit,https://4lapy.ru/catalog/koshki/korm-koshki/sukhoy/Perfect_Fit_suhoy_korm_dlya_kastrirovannyh_kotov_i_sterilizovannyh_koshek_kuritsa.html?offer=41873
274,"Корм для взрослых кошек, телятинка аппетитная, 350 г",1015490,107,107,Kitekat,https://4lapy.ru/catalog/koshki/korm-koshki/sukhoy/Kitekat_suhoy_korm_dlya_koshek_Appetitnaya_telyatinka.html?offer=41834
275,"Корм сухой для взрослых кошек, мясной пир, 350 г",1015489,107,107,Kitekat,https://4lapy.ru/catalog/koshki/korm-koshki/sukhoy/Kitekat_suhoy_korm_dlya_koshek_Myasnoy_pir.html?offer=41832
276,"Корм для кошек старше 1 года, вкусные подушечки с нежным паштетом, аппетитное ассорти с курицей и индейкой, 350 г",1008887,163,163,Whiskas,https://4lapy.ru/catalog/koshki/korm-koshki/sukhoy/Whiskas_suhoy_korm_dlya_koshek_Vkusnye_podushechki_s_negnym_pashtetom_kuritsaindeyka.html?offer=41826
277,"Корм для котят от 2 до 12 месяцев, вкусные подушечки с молоком, аппетитное ассорти с индейкой и морковью, 350 г",1008885,163,163,Whiskas,https://4lapy.ru/catalog/koshki/korm-koshki/sukhoy/Whiskas_suhoy_korm_dlya_kotyat_assorti_indeykamorkov_i_podushechki_s_molokom.html?offer=41822
278,"Prescription Diet m/d Сухой диетический корм для кошек при сахарном диабете, с курицей, 1,5 кг",1016547,2900,2900,Hill's,https://4lapy.ru/catalog/koshki/korm-koshki/sukhoy/Hills_suh_15kg_Dkoshek_MD_saharnyy_diabetkontrol_vesa_1016547.html?offer=31882
279,"Корм сухой для стерилизованных кошек с говядиной, 650 г",1020581,417,417,Perfect Fit,https://4lapy.ru/catalog/koshki/korm-koshki/sukhoy/Korm_suhoy_Perfekt_Fit_dlya_sterilizovannyh_kotov_i_koshek_s_govyadinoypak__650g_1020581.html?offer=31094
280,"Корм сухой для стерилизованных кошек старше 7 лет с курицей, 650 г",1020578,417,417,Perfect Fit,https://4lapy.ru/catalog/koshki/korm-koshki/sukhoy/Korm_suhoy_Perfekt_Fit_dlya_koshek_starshe_7_let_s_kuritsey_pak__650g_1020578.html?offer=31090
281,"Корм для стерилизованных кошек и котов старше 1 года, с говядиной и вкусными подушечками, 350 г",1016207,163,163,Whiskas,https://4lapy.ru/catalog/koshki/korm-koshki/sukhoy/Korm_dlya_koshek_Viskas__suhoy__dlya_sterilizovanyh_koshek_i_kastrirovannyhkotov_govyadina_up__350g_1016207.html?offer=31058
282,"Sterilised корм для стерилизованных кошек с пониженным содержанием калорий, с курицей, 400 г",1027895,599,599,Monge,https://4lapy.ru/catalog/koshki/korm-koshki/sukhoy/monge-cat-sterilised-korm-dlya-sterilizovannyh-koshek-1-5-kg.html?offer=81098
283,"Indoor корм для домашних кошек с низкой физической активностью, с курицей, 400 г",1027899,585,585,Monge,https://4lapy.ru/catalog/koshki/korm-koshki/sukhoy/monge-cat-indoor-korm-dlya-domashnih-koshek-400g.html?offer=81105
284,"Kitten сухой корм для котят с курицей и цельными злаками, 750 г",1054143,457,457,Purina ONE®,https://4lapy.ru/catalog/koshki/korm-koshki/sukhoy/korm-suhoy-dlya-kotyat-kurica-i-zlaki.html?offer=147247
285,"Adult корм для кошек в возрасте от 1 года до 7 лет, с курицей, 400 г",1027901,577,577,Monge,https://4lapy.ru/catalog/koshki/korm-koshki/sukhoy/monge-cat-korm-dlya-vzroslyh-koshek-1-5-kg.html?offer=81107
286,"Appetite Control Care корм сухой для кошек для контроля аппетита, 2 кг",1044749,3115,3115,Royal Canin,https://4lapy.ru/catalog/koshki/korm-koshki/sukhoy/korm-suhoy-dlya-koshek-appetayt-kontrol-kea.html?offer=124450
287,"Sterilized Сухой корм для стерилизованных кошек, с ягненком, 8 кг",1021704,4999,4999,Wellkiss,https://4lapy.ru/catalog/koshki/korm-koshki/sukhoy/korm-sukhoy-dlya-sterilizovannykh-koshek-s-yagnenkom-8-kg.html?offer=44342
288,"Prescription Diet k/d + Mobility Kidney + Joint Care сухой корм для кошек, с курицей, 2кг",1020094,3979,3979,Hill's,https://4lapy.ru/catalog/koshki/korm-koshki/sukhoy/Korm_dlya_koshek_Hills_lechenie_zabolevaniya_pochek_i_sustavov_KDMobilitypak_2_kg_1020094.html?offer=47827
289,"Двойная Вкуснятина сухой корм для взрослых кошек для взрослых кошек с мясом, 750 г",1021796,349,349,Felix,https://4lapy.ru/catalog/koshki/korm-koshki/sukhoy/Feliks_dlya_koshek_Dvoynaya_vkusnyatina_Myaso.html?offer=43045
290,"NF Renal Function сухой корм для взрослых кошек для поддержания функции почек при хронической почечной недостаточности, 1,5 кг",1002393,3285,3285,PRO PLAN® Veterinary Diets,https://4lapy.ru/catalog/koshki/korm-koshki/sukhoy/Purina_Veterinary_Diets_NF_dieticheskiy_suhoy_korm_dlya_koshek_pri_patologii_pochek.html?offer=42546
291,"Solution Hairball Control корм для кошек старше 1 года, склонных к образованию волосяных комочков в желудке, с курицей, 300 г",1019460,785,785,Trainer,https://4lapy.ru/catalog/koshki/korm-koshki/sukhoy/Trainer_Solution_Hairball_suhoy_korm_dlya_koshek_dlya_vyvoda_shersti_kuritsey_i_indeykoy.html?offer=41987
